path,coordonnées,catégorie,sous-catégorie,titre,baratineur,piocheur,contexte,enjeu,suggestion,CCby,category,subcategory,title,smoothTalker,drawer,context,issue,suggestion_en,category_ru,subcategory_ru,title_ru,smoothTalker_ru,drawer_ru,context_ru,issue_ru,suggestion_ru,category_pt,subcategory_pt,title_pt,smoothTalker_pt,drawer_pt,context_pt,issue_pt,suggestion_pt,édition février 2022,print_&_play_fevrier_2022
1.1.1,"1,11",histoire,antiquité,la mère de césar et Cléopâtre,la mère de César,César,César est dictateur à vie de la Rome antique.,"Le baratineur doit le dissuader de se rapprocher de Cléopâtre, la reine d’Égypte","Mère, j'ai pris la décision d'épouser Cléopâtre.",Argumentum,history,antiquity,César and Cleopatra's mother,Caesar's mother,Caesar,César is a dictator for life of ancient Rome.,"The baratineur must dissuade him from getting closer to Cleopatra, the Queen of Egypt","Mother, I made the decision to marry Cleopatra.",история,древность,Мать Сезар и Клеопатру,Мать Цезаря,Цезарь,Сезар является диктатором жизни древнего Рима.,"Баратинер должен отговорить его от приближения к Клеопатре, королеве Египта","Мать, я приняла решение жениться на Клеопатре.",história,antiguidade,César e a mãe de Cleópatra,Mãe de César,César,César é um ditador da vida da Roma antiga.,"O baratineur deve dissuadi -lo de se aproximar de Cleópatra, a rainha do Egito","Mãe, tomei a decisão de me casar com Cleópatra.",1,1
1.3.2,"1,32",histoire,temps modernes,le droit de vote des femmes,Un révolutionnaire misogyne,Une suffragette,"Pendant la révolution française, les suffragettes travaillent à faire reconnaître le droit de vote des femmes. ",Le baratineur doit justifier que les femmes ne devraient pas l’obtenir.,La femme a le droit de monter à l’échafaud ; elle doit avoir également celui de monter à la tribune.,Argumentum,history,modern world,Olympe de Gouge and women's right to vote,A misogynistic revolutionary,Olympus of Gouge,"During the French Revolution, suffragettes worked to have women's right to vote recognized.",Try to justify that women should not get it.,The woman has the right to go up to the scaffold; she must also have the right to go up to the platform.,история,современное время,право женщин голосовать,Жизнерный революционер,Избирательное право,"Во время французской революции избирательные участки работают, чтобы женщины признали право голоса.","Баратинеер должен оправдать, что женщины не должны его получить.","Женщина имеет право подняться на каркас; У нее также должен быть один, чтобы подняться в галерею.",história,tempos modernos,o direito das mulheres de votar,Um revolucionário misógino,Um sufrágio,"Durante a Revolução Francesa, os sufrágios trabalham para que as mulheres reconhecessem o direito de votar.",O baratinener deve justificar que as mulheres não devem obtê -lo.,A mulher tem o direito de subir ao andaime; Ela também deve ter o único para ir até a galeria.,1,1
1.4.4,"1,44",histoire,20e et 21e siècle,les droits de l'homme,Le délégué d'un tout petit pays,Le président des Nations Unies,"Suite aux horreurs de la seconde guerre mondiale, les nations décident de ratifier la déclaration des droits de l’homme. ",Le baratineur doit essayer d’en empêcher la signature.,Tous les hommes naissent libres et égaux en droit et en dignité.,Argumentum,history,20th and 21st century,Human rights,The delegate of a very small country,,"Following the horrors of the Second World War, nations decided to ratify the declaration of human rights.",Try to stop it from being signed.,All men are born free and equal in rights and dignity.,история,20 -й и 21 век,права человека,Делегат очень маленькой страны,Президент Организации Объединенных Наций,После ужасов Второй мировой войны народы решают ратифицировать декларацию прав человека.,Баратинеер должен попытаться предотвратить подпись.,Все мужчины рождаются свободными и равными по закону и достоинству.,história,Século XX e 21,direitos humanos,O delegado de um país muito pequeno,O presidente das Nações Unidas,"Após os horrores da Segunda Guerra Mundial, as nações decidem ratificar a declaração dos direitos humanos.",O baratinener deve tentar impedir a assinatura.,Todos os homens nascem livres e iguais em direito e dignidade.,1,1
2.1.1,"2,11",mythologie,contes et littérature,La femme de Barbe Bleue,La femme de Barbe Bleue,Barbe bleue, Barbe Bleue a compris que le baratineur à découvert son cabinet secret où sont suspendus les corps égorgées de ses six précédentes femmes.  Il s'apprête à l'égorger à son tour. ,Le baratineur doit l’en dissuader.,"Je t'avais dit de ne pas ouvrir mon cabinet, maintenant tu dois mourir.",Argumentum,mythology,stories and literature,Bluebeard's wife,Bluebeard's wife,Bluebeard,You're Bluebeard's seventh wife. You've discovered his secret cabinet where the throat-cutting bodies of his six previous wives hang. He discovered you and will slit your throat in your turn.,Try to talk him out of it.,"I told you not to open my practice, now you have to die.",мифология,Рассказы и литература,Женщина из голубой бороды,Женщина из голубой бороды,Голубая борода," BlueBeard понял, что баратинер обнаружил свой секретный кабинет, где тела, убитые его предыдущими женщинами, приостановлены. Он готовится убить его по очереди.",Баратинер должен отговорить его от этого.,"Я сказал тебе не открывать свой офис, теперь ты должен умереть.",mitologia,Contos e literatura,A mulher da barba azul,A mulher da barba azul,Barba azul,"Bluebeard entendeu que o baratineur descobriu seu gabinete secreto, onde os corpos abatidos de suas mulheres anteriores são suspensos. Ele está se preparando para matá-lo por sua vez.",O baratiner deve dissuadi-lo dele.,"Eu disse para você não abrir meu escritório, agora você tem que morrer.",1,1
2.2.2,"2,22",mythologie,du livre,les portes du Paradis,Juda,Le gardien de l'entrée,Le baratineur a vendu son ami et seigneur Jésus Christ aux romains pour qu’il soit exécuté. Il arrive devant les portes du paradis. ,Il doit convaincre le garde de le laisser entrer.,"Toi, il eût mieux valu que tu ne fusses point né.",Argumentum,mythology,book,The Gates of Paradise,Judah,the gatekeeper,You are Judas Iscarioth. You sold your friend and lord Jesus Christ to the Romans to be executed. Now you stand before the gates of heaven.,Try to convince the guard to let you in.,"You, it would have been better if you hadn't been born.",мифология,книга,Двери рая,Иуда,Въезд вратаря,"Баратинер продал своего друга и Господа Иисуса Христа римлянам, чтобы быть казненными. Он прибывает перед дверями рая.",Он должен убедить охранника позволить ему войти.,"Вы были бы лучше, чем вы родились.",mitologia,livro,As portas do paraíso,Judá,O goleiro de entrada,O baratineur vendeu seu amigo e Senhor Jesus Cristo para os romanos para serem executados. Ele chega em frente às portas do paraíso.,Ele deve convencer o guarda para deixá -lo entrar.,Você teria sido melhor do que nasceu.,1,1
2.3.1,"2,31",mythologie,gréco-latine,le prétendant de Pénélope,Le prétendant,Pénélope,"Le roi de l'île d'Ithaque, Ulysse, est parti depuis dix ans à la guerre et n’a plus donné de nouvelle. ","Le baratineur doit convaincre sa femme, Pénélope, de le prendre pour époux et de le faire roi.","Ulysse reviendra, j'en suis persuadée.",Argumentum,mythology,Greco-Latin,Penelope's suitor,The suitor,Penelope,"You are an inhabitant of the island of Ithaca whose king, Odysseus, has been at war for ten years and has not given any more news.","Try to convince his wife, Penelope, to take you as her husband and make you king.","Odysseus will return, I am sure.",мифология,Греко-латин,Предупреждение пенелопа,Претендент,Пенелопа,"Король острова Итака, Улисс, оставил войну в течение десяти лет и не дал никаких новостей.","Баратинер должен убедить свою жену, Пенелопу, взять его за мужа и сделать его королем.","Ulysses вернется, я убежден.",mitologia,Greco-latina,O pretendente de Pénélope,O pretendente,Penélope,"O rei da ilha de Ithaca, Ulisses, deixou a guerra há dez anos e não deu nenhuma notícia.","O baratineur deve convencer sua esposa, Penelope, a levá -lo para o marido e fazê -lo rei.","Ulisses voltará, estou convencido.",1,1
3.1.5,"3,15",relation intime,drague et séduction,le pizzaïolo,Un pizzaïolo,Sa conquête de la veille,"Pour séduire, le baratineur a menti en s'attribuant un emploi prestigieux. Le lendemain, sa conquête entre dans la pizzeria dans laquelle il travaille en réalité. ",Le baratineur doit obtenir un second rendez-vous.,Mais... tu m'as menti en fait!,Argumentum,intimate relation,flirting and seduction,Pizzaïolo,A pizza boy,His conquest of the day before,"In order to seduce, you lied and gave yourself a prestigious job. The next day, your conquest enters the pizzeria where you actually work.",Get a second date.,But... you actually lied to me!,интимные отношения,Драг и соблазн,Пиццаиоло,Пиццаиоло,Его завоевание за день до,"Чтобы соблазнить, баратинеер солгал, взяв на себя престижную работу. На следующий день его завоевание вошло в пиццерию, в которой он на самом деле работает.",Баратинер должен получить второе назначение.,Но ... ты мне лгал!,relacionamento íntimo,Arrasto e sedução,A pizzaïolo,Um pizzaiolo,Sua conquista do dia antes,"Para seduzir, o baratinener mentiu, aceitando um emprego de prestígio. No dia seguinte, sua conquista entrou na pizzaria na qual ele realmente trabalha.",O baratineur deve obter um segundo compromisso.,Mas ... você mentiu para mim de fato!,1,1
3.2.1,"3,21",relation intime,couple,emménager ensemble,Celle ou celui qui veut emménager,Celle ou celui qui ne veut pas emménager,Cela fait deux semaines que le baratineur qui n'a pas de logement à lui a entamé une nouvelle relation. Son partenaire et lui se sont vu trois fois.,Le baratineur doit convaincre de le laisser emménager chez lui.,"Attends, tu ne trouves pas que ça irait un peu vite?",Argumentum,intimate relation,couple,move in together,the one who doesn't want to get married,whoever wants to get married,,,,интимные отношения,пара,двигаться вместе,"Тот, кто хочет двигаться","Тот, кто не хочет двигаться","Прошло две недели с тех пор, как у баратера, у которого нет жилья, начал новые отношения. Его партнер и он видел друг друга три раза.",Баратинер должен убедить позволить ему переехать в свой дом.,"Подожди, ты не думаешь, что это пойдет немного быстро?",relacionamento íntimo,casal,mova -se juntos,Aquele que quer se mudar,Aquele que não quer se mover,Faz duas semanas desde que o Barater que não tem acomodações iniciou um novo relacionamento. Seu parceiro e ele se viram três vezes.,O baratineur deve convencer para deixá -lo se mudar para sua casa.,"Espere, você não acha que iria um pouco rapidamente?",1,1
3.2.3,"3,23",relation intime,couple,mariage ou pas,Celle ou celui qui ne veut pas se marier,Celle ou celui qui veut se marier,Cela fait cinq ans que le baratineur a une relation harmonieuse avec son conjoint. Il ou elle le demande en mariage.,Le baratineur doir refuser sans rompre.,Est-ce que tu veux m'épouser?,Argumentum,intimate relation,couple,marriage,the one who doesn't want to get married,whoever wants to get married,,,,интимные отношения,пара,свадьба или нет,"Тот, кто не хочет вступать в брак","Тот, кто хочет жениться","Прошло пять лет с тех пор, как баратинеер имеет гармоничные отношения со своим супругом. Он или она просит это в браке.","Баратинер должен отказаться, не сломавшись.",Вы хотите на мне жениться?,relacionamento íntimo,casal,casamento ou não,Aquele que não quer se casar,Aquele que quer se casar,Faz cinco anos desde que o Baratinener tem um relacionamento harmonioso com seu cônjuge. Ele ou ela pede isso em casamento.,O baratineur deve recusar sem quebrar.,Você quer casar comigo?,1,1
3.4.1,"3,41",relation intime,jalousie,2+1,Une femme,Son partenaire,Le baratineur est la femme d'un couple. Son époux suggère de corser sa vie sexuelle avec un plan à trois avec une autre femme. ,Le baratineur doit le convaincre que ce soit plutôt avec un autre homme et lui.,Je suis sûr que ça va te plaire.,Argumentum,intimate relation,jealousy,2+1,A woman,His partner,You're the woman in a couple. Your husband suggests a threesome with you and another woman to spice up your sex life.,Convince him to do it with you and another man instead.,I'm sure you'll like it.,интимные отношения,Ревность,2+1,Девушка,Его партнер,Баратинер - жена пары. Ее муж предлагает лифу на ее сексуальной жизни с тремя планами с другой женщиной.,"Баратинер должен убедить его, что это скорее с другим человеком и ним.","Я уверен, что вам это понравится.",relacionamento íntimo,ciúmes,2+1,Uma mulher,Seu parceiro,O baratineur é a esposa de um casal. Seu marido sugere corpete em sua vida sexual com um plano de três caminhos com outra mulher.,O baratineur deve convencê -lo de que é mais com outro homem e ele.,Tenho certeza que você vai gostar.,1,1
4.1.3,"4,13",vie professionnelle,relation avec client/ public,Le tatouage,Un tatoueur,Son client,Le baratineur a fait une faute d'orthographe sur le tatouage de son client. ,Il doit en désarmer la colère.,Mais ça ne s'écrit pas avec deux S!,Argumentum,work life,customer/audience relationship,The tattoo,A tattoo artist,His client,You're a tattoo artist and you misspelled your client's tattoo.,Disarm his anger.,But you can't spell it with two S's!,Профессиональная жизнь,Отношения с клиентом/ аудиторией,Татуировка,Татуировщик,Его клиент,Баратинер совершил правописание неправомерного поведения на татуировке своего клиента.,Он должен разоружить гнев.,Но это не написано с двумя с!,vida profissional,Relacionamento com cliente/ público,A tatuagem,Um tatuador,Seu cliente,O baratineur fez uma má conduta ortográfica na tatuagem de seu cliente.,Ele deve desarmar a raiva.,Mas isso não está escrito com dois s!,1,1
4.2.1,"4,21",vie professionnelle,relation avec les collègues /employeurs,le rationnement,Le capitaine,Le représentant des marins,Le baratineur a diminué de moitié les rations des marins qui menacent de se mutiner quand ils découvrent qu'il a doublé la sienne. ,Il doit se justifier auprès de leur représentant.,"Aye aye, Capitaine, les gars se plaignent... mais, qu'est-ce que c'est que ce poulet à la broche dans votre assiette?",Argumentum,work life,relationship with colleagues/employers,Rationing,the captain,the seafarers' representative,You're the captain of a boat. You've cut the rations of sailors who threaten to mutiny when they find out you've doubled yours by half.,Try to justify yourself to their representative.,"Aye aye, Captain, the guys are complaining... but, what's this spit-roasted chicken on your plate?",Профессиональная жизнь,Отношения с коллегами /работодателями,нормирование,Капитан,Представитель моряков,"Баратинер вдвое сократил пайки моряков, которые угрожают увечья себя, когда обнаруживают, что он удвоил его.",Он должен оправдать себя своим представителем.,"Да, да, капитан, ребята жалуются ... но что это за плюши на вашей тарелке?",vida profissional,Relacionamento com colegas /empregadores,racionamento,O capitão,O representante dos marinheiros,O baratineur reduziu pela metade as rações dos marinheiros que ameaçam se mutilar quando descobrem que ele dobrou o dele.,Ele deve se justificar com o representante deles.,"Sim, sim, capitão, os caras reclamam ... mas, o que é esse cuspir no seu prato?",1,1
4.2.3,"4,23",vie professionnelle,relation avec les collègues /employeurs,la délocalisation,Le patron,Les représentants syndicaux,Le baratineur est patron d'une entreprise florissante. ,Il doit convaincre le représentant de ses employés de partir travailler en Pologne pour réduire les coûts de main d'œuvre.,"Si votre bilan est aussi positif, c'est à nous que vous le devez.",Argumentum,work life,relationship with colleagues/employers,Offshoring,The Boss,Union representatives,You're the boss of a thriving business.,Convince your employees' representative to go to work in Poland to reduce labour costs.,"If your balance sheet is this positive, you owe it to us.",Профессиональная жизнь,Отношения с коллегами /работодателями,Перемещение,Босс,Представители профсоюза,Баратинер является начальником процветающей компании.,"Он должен убедить представителя своих сотрудников пойти на работу в Польшу, чтобы снизить затраты на рабочую силу.","Если ваша оценка также положительная, именно для нас вы должны это.",vida profissional,Relacionamento com colegas /empregadores,A realocação,O chefe,Representantes da União,O Baratineur é o chefe de uma empresa florescente.,Ele deve convencer o representante de seus funcionários a ir trabalhar na Polônia para reduzir os custos de mão -de -obra.,"Se sua avaliação também é positiva, é para nós que você deve.",1,1
4.3.2,"4,32",vie professionnelle,relation avec l'administration / les fournisseurs,l'arrêt de complaisance,Une personne quelconque,Son médecin,"Le baratineur n'est pas malade, mais il veut partir en vacances.",Il doit convaincre son médecin de famille de l'arrêter.,"Bon, vous m'avez l'air en pleine forme. Cela fera 25€. Vous avez votre carte Vitale?",Argumentum,work life,negotiation with the administration,The stop of complacency,You,Your doctor,"You're not sick, but you want to go on holiday.",Convince your family doctor to stop you.,"Well, you looked good to me. That'll be $25. Do you have your Vital card?",Профессиональная жизнь,Отношения с администрацией / поставщиками,Стоимость самоуспокоенности,Кто-то,Его доктор,"Баратинер не болен, но он хочет уехать в отпуск.",Он должен убедить своего семейного доктора остановить его.,"Хорошо, ты мне кажется в отличной форме. Это будет 25 €. У вас есть ваша жизненно важная карта?",vida profissional,Relacionamento com administração / fornecedores,a parada de complacência,Alguém,Seu médico,"O baratiner não está doente, mas ele quer sair de férias.",Ele deve convencer seu médico de família a detê -lo.,"Ok, você me parece em ótima forma. Será 25 €. Você tem seu cartão vital?",1,1
5.1.3,"5,13",pop culture,Bandes dessinées,obélisque,Obélix,Le druide,Le baratineur est tombé dans une marmite de potion magique quand il était bébé.,Il doit convaincre le druide de lui en laisser goûter à nouveau.,Les effets de la potion sont permanents chez toi. En boire encore serait dangereux.,Argumentum,pop culture,,obelisk,Obelix,The druid,The baratineur fell into a potion potion pot when he was a baby.,He must convince the druid to let him taste it again.,The effects of the potion are permanent in you. Drinking it would be dangerous.,поп культура,Комиксы,обелиск,Обеликс,Друид,"Баратинер упал в зелье зелье, когда он был ребенком.",Он должен убедить друида позволить ему попробовать его снова.,"Эффекты зелья постоянны в вас. Пить, это было бы опасно.",cultura pop,Histórias em quadrinhos,obelisco,Obelix,O druida,O baratineur caiu em um pote de poção quando ele era bebê.,Ele deve convencer o druida a deixá -lo provar novamente.,Os efeitos da poção são permanentes em você. Beber seria perigoso.,1,1
5.2.1,"5,21",pop culture,cinéma & télévision,une fiction pulp,Le voleur de la mallette,Le tueur à Gages,Le Baratineur a volé la valise mystérieuse du caïd Marcellus Wallace. ,Il essaie de convaincre un tueur à gage à sa poursuite de ne pas le tuer.,"J'abattrai alors le bras d'une terrible colère, d'une vengeance furieuse et effrayante sur les hordes impies qui pourchassent et réduisent à néant les brebis de Dieu. Et tu connaîtras pourquoi mon nom est l'éternel quand sur toi, s'abattra la vengeance du Tout-Puissant !",Argumentum,pop culture,cinema,A pulp fiction,the case thief,the hit man,You stole the mysterious suitcase from the Marsellus Wallace kaid.,You're trying to convince the two henchmen chasing you not to kill you.,"Then I will bring down the arm of terrible anger, of furious and fearful vengeance on the ungodly hordes that chase and destroy the sheep of God. And you will know why my name is eternal when the vengeance of the Almighty will fall upon you!",поп культура,Кино и телевидение,Криминальная литература,Вор дела,Наемный убийца,Баратинер украл таинственный чемодан Каида Марселлуса Уоллеса.,Он пытается убедить наемника в погоне за ним не убивать его.,"Затем я привел к руке ужасного гнева, яростной и пугающей мести нечестным ордам, которые преследуют и уменьшают овец Бога. И вы узнаете, почему меня зовут Господь, когда на вас находит месть Всемогущего!",cultura pop,Cinema e televisão,Uma ficção de celulose,O ladrão do caso,O hitman,O baratineur roubou a misteriosa mala do caïd Marcellus Wallace.,Ele tenta convencer um assassino em busca dele para não matá -lo.,"Levei então ao braço de terrível raiva, de uma vingança furiosa e assustadora das hordas ímpias que perseguem e reduzem as ovelhas de Deus. E você saberá por que meu nome é o Senhor quando você, a vingança do Todo -Poderoso!",1,1
5.2.2,"5,22",pop culture,cinéma & télévision,la matrice,Un membre de la résistance,L'élu,Le monde qui nous entoure n'est qu'une vaste simulation informatique qui vise à maintenir l'humanité en servitude. Néo est un individu qui pourrait libérer le genre humain s'il atteignait l'illumination.,Le baratineur doit convaincre Néo que la pilule qui le renvoie dans son confort quotidien est un choix plus avisé que celle qui l'amène à l'illumination.,"La pilule bleue pour que rien ne change et la rouge pour tout savoir, c'est ça?",Argumentum,pop culture,cinema,The matrix,The leader of the resistance,the chosen one,The world around us is a vast computer simulation that aims to keep humanity in servitude. Noah is an individual who could liberate mankind if he attained enlightenment.,You are trying to convince Neo that the pill that sends him back to his daily comfort is a wiser choice than the one that brings him to enlightenment.,"The blue pill so nothing changes and the red one so you know everything, right?",поп культура,Кино и телевидение,матрица,Член сопротивления,Избранный,"Мир вокруг нас является лишь обширной компьютерной симуляцией, которая направлена ​​на поддержание человечества в рабстве. Нео - это человек, который мог бы выпустить человеческую расу, если он достигнет освещения.","Баратинер должен убедить Нео, что таблетки, которая отправляет его обратно в его ежедневный комфорт, является более мудрым выбором, чем то, что приводит его к освещению.","Синяя таблетка, чтобы ничего не изменилось и красное, чтобы знать все, верно?",cultura pop,Cinema e televisão,o Matrix,Um membro da resistência,O escolhido,O mundo ao nosso redor é apenas uma vasta simulação de computador que visa manter a humanidade na servidão. Neo é um indivíduo que poderia liberar a raça humana se atingisse a iluminação.,O baratineur deve convencer Neo de que a pílula que o envia de volta ao seu conforto diário é uma escolha mais sábia do que a que o leva à iluminação.,"A pílula azul para que nada mude e vermelho para saber tudo, certo?",1,1
5.2.4,"5,24",pop culture,cinéma & télévision,Star Wars,Dark Vador,Luke,"Dans une galaxie très très lointaine, le baratineur est un seigneur de l'empire qui utilise le côté obscur de la Force. ","Il doit convaincre son fils, Luke, héro de la résistance à l'empire, de rejoindre ce côté obscur.","L'empire... je le déteste, il a tué mes parents, saccagé mon village.",Argumentum,pop culture,cinema,star wars,Darth Vader,Luck,"In a galaxy far, far away, you are Darth Vader, a lord of the empire who uses the dark side of the Force.","Try to convince your son, Luke, hero of the empire resistance, to join this dark side.","The empire... I hate it, it killed my parents, ransacked my village.",поп культура,Кино и телевидение,Звездные войны,Дарт Вейдер,Люк,"В очень отдаленной галактике баратинер является лордом империи, который использует темную сторону силы.","Он должен убедить своего сына, Люка, героя сопротивления империи, присоединиться к этой темной стороне.","Империя ... Я ненавижу его, он убил моих родителей, разграбил мою деревню.",cultura pop,Cinema e televisão,Guerra das Estrelas,Dark Vador,Lucas,"Em uma galáxia muito distante, o baratineur é um senhor do Império que usa o lado sombrio da força.","Ele deve convencer seu filho, Luke, herói de resistência ao Império, a se juntar a esse lado sombrio.","O Império ... Eu o odeio, ele matou meus pais, saqueou minha aldeia.",1,1
5.3.1,"5,31",pop culture,Zététique,flat earth society,Un flat-earther,Un cosmonaute,Le baratineur est membre d'une organisation soutenant que la terre est plate. Il est invité sur un plateau de télévision pour débattre avec un cosmonaute de retour de la station spatiale internationale.,Il doit convaincre l'auditoire que ce dernier est un imposteur.,"Mesdames, messieurs, voilà la dernière photo de notre chère planète que j'ai pu prendre d'un hublot de l'ISS.",Argumentum,pop culture,Zetetic,Flat Earth Society,A Flat-Earther,A cosmonaut,The baratineur is a member of an organization maintaining that the earth is flat. He is invited on a television set to debate with a cosmonaut from the international space station.,He must convince the audience that the latter is an impostor.,"Ladies, gentlemen, this is the last photo of our dear planet that I could take from a porthole from the ISS.",поп культура,Zetetic,Общество плоской земли,Плоская,Космонавт,"Баратинер является членом организации, утверждающей, что земля плоская. Его приглашают по телевизору для обсуждения с космонавтом от международной космической станции.","Он должен убедить аудиторию, что последний - самозванец.","Дамы, джентльмены, это последняя фотография нашей дорогой планеты, которую я мог бы взять у иллюминатора из МКС.",cultura pop,Zetético,Sociedade de Terra Plana,Uma terra plana,Um cosmonaut,O baratineur é membro de uma organização que sustenta que a Terra é plana. Ele é convidado em um aparelho de televisão para debater com um cosmonaut da estação espacial internacional.,Ele deve convencer a platéia de que o último é um impostor.,"Senhoras, senhores, esta é a última foto do nosso querido planeta que eu poderia tirar de uma vigia da ISS.",1,1
6.1.2,"6,12",politique,la fabrique de la loi,austérité,Le porte parole du gouvernement,Un membre de l'opposition,"Dans un contexte de croissance économique, le gouvernement fait le choix de réduire le service public.",Le baratineur doit justifier cette politique devant un représentant de l'opposition. ,Vous êtes un gouvernement à la solde des riches.,Argumentum,Politics,the factory of law,Austerity,the government spokesperson,a member of the opposition,"In a context of economic growth, your side chooses to reduce public service.",Argue in front of a representative of the opposition on a television program.,You're a government in the pay of the rich.,политика,Юридическая фабрика,строгость,Правительственный представитель,Член оппозиции,В контексте экономического роста правительство решает сократить государственную службу.,Баратинер должен оправдать эту политику перед представителем оппозиции.,Вы правительство в оплате богатых.,política,Fábrica de Direito,austeridade,Porta -voz do governo,Um membro da oposição,"Em um contexto de crescimento econômico, o governo escolhe reduzir o serviço público.",O baratiner deve justificar essa política perante um representante da oposição.,Você é um governo em pagamento dos ricos.,1,1
6.2.1,"6,21",politique,Collusion,cascade primaire.,L'ex-candidat,Un militant en colère,"Après avoir obtenu l'investiture de son parti, le baratineur a négocié son retrait en faveur d'un autre candidat en échange d'un poste avantageux pour sa carrière",Il doit se justifier auprès d'un militant de son parti au congrès suivant.,Vous avez trahi vos engagements pour votre bénéfice personnel.,Argumentum,Politics,political manoeuvring,Primary waterfall,The ex-candidate,,"After winning your Party's nomination, you negotiated your withdrawal in favour of another candidate in exchange for a position that would benefit your career.",Justify yourself to an activist of your party at the next convention.,You betrayed your commitments for your own personal gain.,политика,Сговор,Первичный водопад.,Бывший кандидат,Злой активист,"Получив кандидатуру своей партии, баратинер договорился о своем уходе в пользу другого кандидата в обмен на выгодную позицию для своей карьеры",Он должен оправдать себя активистом из своей партии на следующем Конгрессе.,Вы предали свои обязательства за вашу личную выгоду.,política,Conluio,Cachoeira primária.,O ex-candidato,Um ativista irritado,"Depois de obter a nomeação de seu partido, o Baratiner negociou sua retirada a favor de outro candidato em troca de uma posição vantajosa para sua carreira",Ele deve se justificar com um ativista de seu partido no seguinte Congresso.,Você traiu seus compromissos para seu benefício pessoal.,,1
6.3.1,"6,31",politique,Campagne,l'emploi fictif,Un candidat,Un journaliste,Le baratineur a fait rémunérer son conjoint pour un emploi fictif et l'information a fuité lors de la campagne pour une élection majeure du pays. ,Il se justifie devant le journaliste au cours d'une interview.,Nos lecteurs aimeraient savoir ce que vous avez à dire sur cette enquête du parquet pour emploi fictif...,Argumentum,Politics,Campaign,Fictitious employment,A candidate,A journalist,You're a candidate in a major national election. You paid your spouse in fictitious employment and it's come out.,Justify yourself in front of the reporter who's interviewing you.,Our readers would like to know what you have to say about this investigation by the Public Prosecutor's Office for fictitious employment...,политика,Кампания,Вымышленная занятость,Кандидат,Журналист,"Баратинер получил вознаграждение своего супруга за вымышленную работу и информацию, протекающую во время кампании по серьезным выборам в стране.",Он оправдал себя перед журналистом во время интервью.,"Наши читатели хотели бы знать, что вы должны сказать об этом опросе обвинения за фиктивную работу ...",política,Campanha,emprego fictício,Um candidato,Um jornalista,O baratiner remunerou seu cônjuge por emprego e informações fictícias vazaram durante a campanha para uma grande eleição no país.,Ele se justificou na frente do jornalista durante uma entrevista.,Nossos leitores gostariam de saber o que você tem a dizer sobre esta pesquisa sobre a acusação para o emprego fictício ...,1,1
6.4.3,"6,43",politique,manoeuvre d'appareil,alliance douteuse,Le candidat opportuniste,Le président de la commission de discipline,"Pour se garantir un succès électoral, le baratineur s'est allié avec un parti politique dont les valeurs sont incompatibles avec le sien.",Il s'en explique devant les instances disciplinaires de son parti.,Je n'ai jamais vu autant de colère parmi nos militants. Absolument tout le monde réclame votre tête.,Argumentum,Politics,political manoeuvring,dubious alliance,The opportunistic candidate,The chairman of the disciplinary committee,"To guarantee an electoral success, the baratinener has combined with a political party whose values ​​are incompatible with his.",He explains it before the disciplinary bodies of his party.,I have never seen so much anger among our activists. Absolutely everyone claims your head.,политика,Устройство маневра,Сопричирный альянс,Оппортунистический кандидат,Председатель дисциплинарного комитета,"Чтобы гарантировать успех на выборах, баратинеер в сочетании с политической партией, ценности которых несовместимы с его.",Он объясняет это перед дисциплинарными органами своей партии.,Я никогда не видел столько гнева среди наших активистов. Абсолютно все утверждают вашу голову.,política,manobra de dispositivo,Aliança duvidosa,O candidato oportunista,O presidente do comitê disciplinar,"Para garantir um sucesso eleitoral, o Baratinener combinou com um partido político cujos valores são incompatíveis com o dele.",Ele explica isso diante dos órgãos disciplinares de seu partido.,Eu nunca vi tanta raiva entre nossos ativistas. Absolutamente todo mundo reivindica sua cabeça.,1,1
7.1.2,"7,12",vie personnelle,enfant,l'escalier,L'enfant,La maîtresse,Le baratineur a poussé un camarade d'école dans l'escalier. Il est tombé et s'en est plaint à l'enseignante. ,Le baratineur doit se justifier auprès de la maîtresse.,Alors? Pourquoi l'as-tu poussé?,Argumentum,Personal Life,child,The stairs,the child,the parent,You're a kid at school. You pushed your classmate down the stairs when he fell and complained to the teacher.,Justify yourself to the mistress.,What's up? Why did you push him?,личная жизнь,ребенок,лестница,Ребенок,Хозяйка,Баратинер толкнул школьного товарища по лестнице. Он упал и жаловался учителю.,Баратинер должен оправдать себя с любовницей.,ТАК? Почему ты его толкнул?,vida pessoal,criança,a escadaria,A criança,A amante,O baratineur empurrou um camarada da escola na escada. Ele caiu e reclamou com o professor.,O baratiner deve se justificar com a amante.,ENTÃO? Por que você empurrou?,1,1
7.2.1,"7,21",vie personnelle,Belle famille,le muffin au cannabis,L'oncle,Le parent,Le baratineur a donné par inadvertance un muffin au cannabis au neveu dont il avait la garde.,Il s'en explique devant les parents de son neveu.,Ben... ça fait longtemps qu'il se tortille par terre comme ça? Qu'est-ce qui s'est passé?,Argumentum,Personal Life,Beautiful family,Cannabis muffin,Uncle,The parent,You inadvertently gave a cannabis muffin to the nephew in your custody.,Explain yourself in front of his parents.,Well... how long has he been squirming on the floor like that? What's been going on?,личная жизнь,Красивая семья,Cannabis Mufffin,Дядя,Родитель,"Баратинер непреднамеренно отдал кекс каннабиса племяннику, который он имел опеку.",Он объясняет это перед родителями своего племянника.,Ну ... это на земле надолго на землю? Что случилось?,vida pessoal,Linda família,Muffin de cannabis,O tio,O pai,O baratiner inadvertidamente deu um muffin de cannabis ao sobrinho que ele tinha custódia.,Ele explica isso diante dos pais de seu sobrinho.,Bem ... está torilando no chão há muito tempo assim? O que aconteceu?,1,1
7.3.2,"7,32",vie personnelle,espace public,la dernière cigarette,Un fumeur,Un parent,Le baratineur a envie d'une cigarette mais il y a un bébé dans la salle. ,Il explique aux parents que son besoin de nicotine est supérieur à l'intérêt de l'enfant.,"Vous ne pouvez pas fumer ici, vous voyez bien qu'il y a un enfant.",Argumentum,Personal Life,public domain,The last cigarette,A smoker,A relative,You feel like a cigarette but there's a baby in the room.,Explain to the parents that the need for nicotine is in the child's best interest.,"You can't smoke in here, you can see there's a child.",личная жизнь,публичное место,Последняя сигарета,Курильщик,Родитель,"Баратинер хочет сигарету, но в комнате есть ребенок.","Он объясняет родителям, что его потребность в никотине больше интереса ребенка.","Вы не можете курить здесь, вы можете видеть, что есть ребенок.",vida pessoal,espaço público,O último cigarro,Um fumante,Um pai,"O baratineur quer um cigarro, mas há um bebê na sala.",Ele explica aos pais que sua necessidade de nicotina é maior que o interesse da criança.,"Você não pode fumar aqui, você pode ver que há uma criança.",1,1
7.5.1,"7,51",vie personnelle,Amitié,un ami qui vous veut du bien,Une personne quelconque,Son ami,"Alors que leurs vacances étaient planifiées de longue date, l'ami du baratineur obtient un entretien d'embauche pour le métier de ses rêves après une longue période de chômage. ",Le baratineur essaie de le convaincre de partir avec lui plutôt que de se rendre à l'entretien.,"Dis, je vais plus pouvoir partir avec toi en fin de compte.",Argumentum,Personal Life,Amitié,A friend who means well,You,Your friend,"While your vacation has been planned for weeks, your friend is selected for a job interview for his dream job after a long period of unemployment.",Convince him to go with you instead of going there.,"Say, I won't be able to go with you after all.",личная жизнь,Дружба,"Друг, который хочет, чтобы ты хорошо",Кто-то,Его друг,"В то время как их праздники были давно, друг баратинера получил собеседование по профессии своей мечты после длительного периода безработицы.","Баратинер пытается убедить его пойти с ним, а не ходить на собеседование.","Скажите, я больше не смогу уходить с вами в конце концов.",vida pessoal,Amizade,Um amigo que te quer bem,Alguém,Amigo dele,"Enquanto suas férias foram planejadas por um longo tempo, o amigo do baratineur obteve uma entrevista de emprego para a profissão de seus sonhos após um longo período de desemprego.",O Baratinener tenta convencê -lo a ir com ele em vez de ir à entrevista.,"Digamos, não poderei mais sair com você no final.",1,1